[
  {
    "title": "To Kill a Mockingbird",
    "author": "Harper Lee",
    "isbn": "1234",
    "availableCopies": 3
  },
  {
    "title": "1984",
    "author": "George Orwell",
    "isbn": "5678",
    "availableCopies": 5
  },
  {
    "title": "The Great Gatsby",
    "author": "F. Scott Fitzgerald",
    "isbn": "9101",
    "availableCopies": 2
  },
  {
    "title": "Moby Dick",
    "author": "Herman Melville",
    "isbn": "1121",
    "availableCopies": 4
  },
  {
    "title": "Pride and Prejudice",
    "author": "Jane Austen",
    "isbn": "3141",
    "availableCopies": 6
  },
  {
    "title": "The Catcher in the Rye",
    "author": "J.D. Salinger",
    "isbn": "5679",
    "availableCopies": 3
  },
  {
    "title": "The Lord of the Rings",
    "author": "J.R.R. Tolkien",
    "isbn": "6789",
    "availableCopies": 7
  },
  {
    "title": "Harry Potter and the Philosopher's Stone",
    "author": "J.K. Rowling",
    "isbn": "7891",
    "availableCopies": 5
  },
  {
    "title": "The Hobbit",
    "author": "J.R.R. Tolkien",
    "isbn": "8912",
    "availableCopies": 4
  },
  {
    "title": "Fahrenheit 451",
    "author": "Ray Bradbury",
    "isbn": "9123",
    "availableCopies": 2
  },
  {
    "title": "Jane Eyre",
    "author": "Charlotte Brontë",
    "isbn": "1235",
    "availableCopies": 6
  },
  {
    "title": "Wuthering Heights",
    "author": "Emily Brontë",
    "isbn": "2345",
    "availableCopies": 3
  },
  {
    "title": "The Picture of Dorian Gray",
    "author": "Oscar Wilde",
    "isbn": "3456",
    "availableCopies": 2
  },
  {
    "title": "Brave New World",
    "author": "Aldous Huxley",
    "isbn": "4567",
    "availableCopies": 5
  },
  {
    "title": "The Scarlet Letter",
    "author": "Nathaniel Hawthorne",
    "isbn": "5670",
    "availableCopies": 4
  },
  {
    "title": "Frankenstein",
    "author": "Mary Shelley",
    "isbn": "6780",
    "availableCopies": 6
  },
  {
    "title": "Dracula",
    "author": "Bram Stoker",
    "isbn": "7890",
    "availableCopies": 4
  },
  {
    "title": "The Odyssey",
    "author": "Homer",
    "isbn": "8901",
    "availableCopies": 7
  },
  {
    "title": "The Iliad",
    "author": "Homer",
    "isbn": "9012",
    "availableCopies": 5
  },
  {
    "title": "War and Peace",
    "author": "Leo Tolstoy",
    "isbn": "1012",
    "availableCopies": 3
  },
  {
    "title": "Crime and Punishment",
    "author": "Fyodor Dostoevsky",
    "isbn": "1112",
    "availableCopies": 4
  },
  {
    "title": "The Brothers Karamazov",
    "author": "Fyodor Dostoevsky",
    "isbn": "1212",
    "availableCopies": 5
  },
  {
    "title": "Anna Karenina",
    "author": "Leo Tolstoy",
    "isbn": "1312",
    "availableCopies": 6
  },
  {
    "title": "Les Misérables",
    "author": "Victor Hugo",
    "isbn": "1412",
    "availableCopies": 7
  },
  {
    "title": "The Count of Monte Cristo",
    "author": "Alexandre Dumas",
    "isbn": "1512",
    "availableCopies": 4
  },
  {
    "title": "Don Quixote",
    "author": "Miguel de Cervantes",
    "isbn": "1612",
    "availableCopies": 3
  },
  {
    "title": "The Divine Comedy",
    "author": "Dante Alighieri",
    "isbn": "1712",
    "availableCopies": 6
  },
  {
    "title": "Paradise Lost",
    "author": "John Milton",
    "isbn": "1812",
    "availableCopies": 2
  },
  {
    "title": "The Canterbury Tales",
    "author": "Geoffrey Chaucer",
    "isbn": "1912",
    "availableCopies": 5
  },
  {
    "title": "The Aeneid",
    "author": "Virgil",
    "isbn": "2022",
    "availableCopies": 4
  },
  {
    "title": "The Metamorphosis",
    "author": "Franz Kafka",
    "isbn": "2122",
    "availableCopies": 3
  },
  {
    "title": "The Trial",
    "author": "Franz Kafka",
    "isbn": "2222",
    "availableCopies": 2
  },
  {
    "title": "One Hundred Years of Solitude",
    "author": "Gabriel García Márquez",
    "isbn": "2322",
    "availableCopies": 5
  },
  {
    "title": "Love in the Time of Cholera",
    "author": "Gabriel García Márquez",
    "isbn": "2422",
    "availableCopies": 3
  },
  {
    "title": "Madame Bovary",
    "author": "Gustave Flaubert",
    "isbn": "2522",
    "availableCopies": 4
  },
  {
    "title": "The Stranger",
    "author": "Albert Camus",
    "isbn": "2622",
    "availableCopies": 2
  },
  {
    "title": "The Plague",
    "author": "Albert Camus",
    "isbn": "2722",
    "availableCopies": 5
  },
  {
    "title": "A Tale of Two Cities",
    "author": "Charles Dickens",
    "isbn": "2822",
    "availableCopies": 7
  },
  {
    "title": "Great Expectations",
    "author": "Charles Dickens",
    "isbn": "2922",
    "availableCopies": 4
  },
  {
    "title": "David Copperfield",
    "author": "Charles Dickens",
    "isbn": "3022",
    "availableCopies": 3
  },
  {
    "title": "Oliver Twist",
    "author": "Charles Dickens",
    "isbn": "3122",
    "availableCopies": 2
  },
  {
    "title": "The Old Man and the Sea",
    "author": "Ernest Hemingway",
    "isbn": "3222",
    "availableCopies": 6
  },
  {
    "title": "For Whom the Bell Tolls",
    "author": "Ernest Hemingway",
    "isbn": "3322",
    "availableCopies": 4
  },
  {
    "title": "The Sun Also Rises",
    "author": "Ernest Hemingway",
    "isbn": "3422",
    "availableCopies": 5
  },
  {
    "title": "The Grapes of Wrath",
    "author": "John Steinbeck",
    "isbn": "3522",
    "availableCopies": 7
  },
  {
    "title": "Of Mice and Men",
    "author": "John Steinbeck",
    "isbn": "3622",
    "availableCopies": 3
  },
  {
    "title": "East of Eden",
    "author": "John Steinbeck",
    "isbn": "3722",
    "availableCopies": 4
  },
  {
    "title": "The Sound and the Fury",
    "author": "William Faulkner",
    "isbn": "3822",
    "availableCopies": 5
  },
  {
    "title": "As I Lay Dying",
    "author": "William Faulkner",
    "isbn": "3922",
    "availableCopies": 6
  }
]
