{
  "movies": [
    {
      "title": "Toy Story",
      "director": "John Lasseter",
      "releaseDate": "November 22, 1995",
      "imdbRating": 8.3,
      "posterUrl": "01_ts.jpg"
    },
    {
      "title": "A Bug's Life",
      "director": "John Lasseter",
      "releaseDate": "November 25, 1998",
      "imdbRating": 7.2,
      "posterUrl": "02_abl.jpg"
    },
    {
      "title": "Toy Story 2",
      "director": "John Lasseter",
      "releaseDate": "November 13, 1999",
      "imdbRating": 7.9,
      "posterUrl": "03_ts2.jpg"
    },
    {
      "title": "Monsters, Inc.",
      "director": "Pete Docter",
      "releaseDate": "November 2, 2001",
      "imdbRating": 8.1,
      "posterUrl": "04_monsters_stroke.jpg"
    },
    {
      "title": "Finding Nemo",
      "director": "Andrew Stanton",
      "releaseDate": "May 30, 2003",
      "imdbRating": 8.1,
      "posterUrl": "05_nemo.jpg"
    },
    {
      "title": "The Incredibles",
      "director": "Brad Bird",
      "releaseDate": "November 5, 2004",
      "imdbRating": 8.0,
      "posterUrl": "06_incredibles.jpg"
    },
    {
      "title": "Cars",
      "director": "John Lasseter",
      "releaseDate": "June 9, 2006",
      "imdbRating": 7.1,
      "posterUrl": "07_cars.jpg"
    },
    {
      "title": "Ratatouille",
      "director": "Brad Bird",
      "releaseDate": "June 22, 2007",
      "imdbRating": 8.0,
      "posterUrl": "08_rat.jpg"
    },
    {
      "title": "Wall-E",
      "director": "Andrew Stanton",
      "releaseDate": "June 27, 2008",
      "imdbRating": 8.4,
      "posterUrl": "09_walle.jpg"
    },
    {
      "title": "Up",
      "director": "Pete Docter",
      "releaseDate": "May 29, 2009",
      "imdbRating": 8.2,
      "posterUrl": "10_up.jpg"
    },
    {
      "title": "Toy Story 3",
      "director": "Lee Unkrich",
      "releaseDate": "June 18, 2010",
      "imdbRating": 8.3,
      "posterUrl": "11_ts3.jpg"
    },
    {
      "title": "Cars 2",
      "director": "John Lasseter",
      "releaseDate": "June 24, 2011",
      "imdbRating": 6.2,
      "posterUrl": "12_cars2.jpg"
    },
    {
      "title": "Brave",
      "director": "Mark Andrews",
      "releaseDate": "June 22, 2012",
      "imdbRating": 7.1,
      "posterUrl": "13_brave.jpg"
    },
    {
      "title": "Monsters University",
      "director": "Dan Scanlon",
      "releaseDate": "June 21, 2013",
      "imdbRating": 7.2,
      "posterUrl": "14_MU_stroke.jpg"
    },
    {
      "title": "Inside Out",
      "director": "Pete Docter",
      "releaseDate": "June 19, 2015",
      "imdbRating": 8.2,
      "posterUrl": "15_io.jpg"
    },
    {
      "title": "The Good Dinosaur",
      "director": "Peter Sohn",
      "releaseDate": "November 25, 2015",
      "imdbRating": 6.7,
      "posterUrl": "16_dino.jpg"
    },
    {
      "title": "Finding Dory",
      "director": "Andrew Stanton",
      "releaseDate": "June 17, 2016",
      "imdbRating": 7.3,
      "posterUrl": "dory.jpg"
    },
    {
      "title": "Cars 3",
      "director": "Brian Fee",
      "releaseDate": "June 16, 2017",
      "imdbRating": 6.8,
      "posterUrl": "c3_teaser_poster.jpg"
    },
    {
      "title": "Coco",
      "director": "Lee Unkrich",
      "releaseDate": "November 22, 2017",
      "imdbRating": 8.4,
      "posterUrl": "coco_poster.jpg"
    },
    {
      "title": "Incredibles 2",
      "director": "Brad Bird",
      "releaseDate": "June 15, 2018",
      "imdbRating": 7.6,
      "posterUrl": "i2_tease.png"
    },
    {
      "title": "Toy Story 4",
      "director": "Josh Cooley",
      "releaseDate": "June 21, 2019",
      "imdbRating": 7.7,
      "posterUrl": "ts4.jpg"
    },
    {
      "title": "Onward",
      "director": "Dan Scanlon",
      "releaseDate": "March 6, 2020",
      "imdbRating": 7.4,
      "posterUrl": "1051083-onwardianbarley-1280.jpg"
    },
    {
      "title": "Soul",
      "director": "Pete Docter",
      "releaseDate": "December 25, 2020",
      "imdbRating": 8.1,
      "posterUrl": "soul_poster.jpg"
    },
    {
      "title": "Luca",
      "director": "Enrico Casarosa",
      "releaseDate": "June 18, 2021",
      "imdbRating": 7.5,
      "posterUrl": "luca_poster.jpg"
    },
    {
      "title": "Turning Red",
      "director": "Domee Shi",
      "releaseDate": "March 11, 2022",
      "imdbRating": 7.0,
      "posterUrl": "red.jpg"
    },
    {
      "title": "Lightyear",
      "director": "Angus MacLane",
      "releaseDate": "June 17, 2022",
      "imdbRating": 6.1,
      "posterUrl": "lightyear.jpg"
    },
    {
      "title": "Elemental",
      "director": "Peter Sohn",
      "releaseDate": "June 16, 2023",
      "imdbRating": 7.0,
      "posterUrl": "elemental.jpg"
    },
    {
      "title": "Inside Out 2",
      "director": "Kelsey Mann",
      "releaseDate": "June 14, 2024",
      "imdbRating": 7.9,
      "posterUrl": "io2.jpg"
    }
  ]
}
